district,type,category,total20,total21,total22,total23,total24,last12mos
3,Violent,Murder,12,24,20,18,13,8
3,Total/Subcategory,Total/Subcategory,0,1,0,0,2,2
3,Violent,Aggravated Assault,377,389,438,483,507,441
3,Total/Subcategory,Total/Subcategory,72,95,80,79,73,75
3,Total/Subcategory,Total/Subcategory,84,120,100,97,88,85
3,Total/Subcategory,Total/Subcategory,30,39,34,50,36,17
3,Total/Subcategory,Total/Subcategory,24,29,19,17,12,14
3,Total/Subcategory,Total/Subcategory,251,226,305,337,386,335
3,Violent,Sexual Assault,32,32,32,42,26,20
3,Violent,Robbery,433,587,543,736,595,548
3,Total/Subcategory,Total/Subcategory,144,220,239,318,236,209
3,Total/Subcategory,Total/Subcategory,34,22,21,16,33,27
3,Total/Subcategory,Total/Subcategory,180,185,137,212,184,165
3,Total/Subcategory,Total/Subcategory,9,11,13,17,25,33
3,Total/Subcategory,Total/Subcategory,16,19,11,27,22,21
3,Total/Subcategory,Total/Subcategory,50,130,122,146,95,93
3,Property,Burglary,1340,1465,1738,2292,1472,1192
3,Total/Subcategory,Total/Subcategory,903,1088,1233,1672,1000,717
3,Total/Subcategory,Total/Subcategory,269,237,216,274,217,262
3,Total/Subcategory,Total/Subcategory,139,116,257,278,168,117
3,Total/Subcategory,Total/Subcategory,27,24,29,66,43,32
3,Property,Motor Vehicle Theft,1436,1383,1523,2400,1873,1782
3,Property,Larceny,934,1054,1259,1391,1475,1433
3,Property,Arson,31,25,17,14,16,11
3,Total/Subcategory,Total/Subcategory,4595,4960,5570,7376,5979,5437
5,Violent,Murder,29,27,19,28,14,15
5,Total/Subcategory,Total/Subcategory,0,3,1,3,0,0
5,Violent,Aggravated Assault,867,918,724,793,689,652
5,Total/Subcategory,Total/Subcategory,139,132,92,114,82,77
5,Total/Subcategory,Total/Subcategory,168,162,112,145,96,89
5,Total/Subcategory,Total/Subcategory,143,183,105,98,60,40
5,Total/Subcategory,Total/Subcategory,71,87,40,48,28,16
5,Total/Subcategory,Total/Subcategory,514,516,487,533,519,519
5,Violent,Sexual Assault,22,23,26,23,20,14
5,Violent,Robbery,407,455,388,531,391,299
5,Total/Subcategory,Total/Subcategory,172,185,169,249,170,115
5,Total/Subcategory,Total/Subcategory,20,23,23,26,10,8
5,Total/Subcategory,Total/Subcategory,132,127,89,125,111,89
5,Total/Subcategory,Total/Subcategory,12,12,14,13,6,9
5,Total/Subcategory,Total/Subcategory,11,16,9,20,9,2
5,Total/Subcategory,Total/Subcategory,60,92,84,98,85,76
5,Property,Burglary,649,501,514,809,624,528
5,Total/Subcategory,Total/Subcategory,382,288,231,413,275,211
5,Total/Subcategory,Total/Subcategory,137,123,121,134,148,143
5,Total/Subcategory,Total/Subcategory,112,72,142,197,143,110
5,Total/Subcategory,Total/Subcategory,17,17,19,62,33,26
5,Property,Motor Vehicle Theft,1863,1945,2112,3030,1762,1850
5,Property,Larceny,841,838,994,1177,1057,1068
5,Property,Arson,34,32,25,28,19,5
5,Total/Subcategory,Total/Subcategory,4712,4742,4803,6422,4576,4428
1,Violent,Murder,9,16,30,26,17,20
1,Total/Subcategory,Total/Subcategory,1,1,1,1,1,-1
1,Violent,Aggravated Assault,561,629,650,708,571,536
1,Total/Subcategory,Total/Subcategory,64,86,82,80,56,37
1,Total/Subcategory,Total/Subcategory,74,103,113,107,74,56
1,Total/Subcategory,Total/Subcategory,55,83,51,65,42,22
1,Total/Subcategory,Total/Subcategory,29,39,24,18,18,7
1,Total/Subcategory,Total/Subcategory,413,421,493,545,455,470
1,Violent,Sexual Assault,55,45,45,43,29,17
1,Violent,Robbery,414,372,357,543,404,403
1,Total/Subcategory,Total/Subcategory,95,133,124,212,124,103
1,Total/Subcategory,Total/Subcategory,26,15,11,21,14,14
1,Total/Subcategory,Total/Subcategory,216,142,137,189,175,193
1,Total/Subcategory,Total/Subcategory,15,11,24,10,23,30
1,Total/Subcategory,Total/Subcategory,11,14,6,12,9,7
1,Total/Subcategory,Total/Subcategory,51,57,55,99,59,56
1,Property,Burglary,1967,3441,4280,4810,2301,2018
1,Total/Subcategory,Total/Subcategory,1474,2989,3642,4077,1732,1423
1,Total/Subcategory,Total/Subcategory,204,188,210,213,145,149
1,Total/Subcategory,Total/Subcategory,229,205,374,432,325,312
1,Total/Subcategory,Total/Subcategory,54,56,49,87,57,51
1,Property,Motor Vehicle Theft,1120,1240,1549,2441,1829,1660
1,Property,Larceny,1186,1418,2113,1850,1415,1483
1,Property,Arson,37,31,38,30,29,18
1,Total/Subcategory,Total/Subcategory,5350,7193,0,6596,0,-442
6,Violent,Murder,31,30,25,27,22,20
6,Total/Subcategory,Total/Subcategory,4,5,0,1,2,1
6,Violent,Aggravated Assault,707,801,629,714,626,551
6,Total/Subcategory,Total/Subcategory,129,147,94,116,69,52
6,Total/Subcategory,Total/Subcategory,164,182,119,144,93,73
6,Total/Subcategory,Total/Subcategory,111,137,88,101,56,32
6,Total/Subcategory,Total/Subcategory,66,64,43,42,21,8
6,Total/Subcategory,Total/Subcategory,401,453,404,455,480,459
6,Violent,Sexual Assault,29,18,30,27,21,16
6,Violent,Robbery,389,400,409,512,447,379
6,Total/Subcategory,Total/Subcategory,171,181,167,228,194,160
6,Total/Subcategory,Total/Subcategory,17,14,13,29,22,18
6,Total/Subcategory,Total/Subcategory,112,87,111,122,130,119
6,Total/Subcategory,Total/Subcategory,9,12,16,15,11,7
6,Total/Subcategory,Total/Subcategory,20,22,18,8,15,13
6,Total/Subcategory,Total/Subcategory,60,84,84,110,75,62
6,Property,Burglary,919,1334,2586,3146,880,783
6,Total/Subcategory,Total/Subcategory,647,1144,2252,2815,561,482
6,Total/Subcategory,Total/Subcategory,120,87,111,143,101,108
6,Total/Subcategory,Total/Subcategory,121,78,180,158,160,129
6,Total/Subcategory,Total/Subcategory,30,24,39,27,39,33
6,Property,Motor Vehicle Theft,1691,1832,1864,2377,1494,1520
6,Property,Larceny,796,826,1398,2068,1239,1065
6,Property,Arson,46,43,42,23,20,10
6,Total/Subcategory,Total/Subcategory,4612,5289,6983,8895,4751,4345
2,Violent,Murder,2,7,5,7,9,8
2,Total/Subcategory,Total/Subcategory,1,1,0,1,0,1
2,Violent,Aggravated Assault,252,289,276,423,277,266
2,Total/Subcategory,Total/Subcategory,26,43,32,43,18,14
2,Total/Subcategory,Total/Subcategory,29,51,37,51,27,23
2,Total/Subcategory,Total/Subcategory,14,18,8,17,13,4
2,Total/Subcategory,Total/Subcategory,2,9,3,4,3,5
2,Total/Subcategory,Total/Subcategory,210,219,233,359,243,243
2,Violent,Sexual Assault,27,19,14,31,24,26
2,Violent,Robbery,258,247,259,414,346,303
2,Total/Subcategory,Total/Subcategory,67,89,95,148,84,69
2,Total/Subcategory,Total/Subcategory,31,11,7,19,14,9
2,Total/Subcategory,Total/Subcategory,128,93,107,152,194,182
2,Total/Subcategory,Total/Subcategory,9,16,8,17,10,6
2,Total/Subcategory,Total/Subcategory,8,8,5,18,9,4
2,Total/Subcategory,Total/Subcategory,15,30,37,60,35,33
2,Property,Burglary,2089,2259,3250,5016,2564,1970
2,Total/Subcategory,Total/Subcategory,1539,1776,2528,4019,1938,1551
2,Total/Subcategory,Total/Subcategory,331,300,317,427,231,48
2,Total/Subcategory,Total/Subcategory,180,149,364,475,297,256
2,Total/Subcategory,Total/Subcategory,38,33,40,95,65,54
2,Property,Motor Vehicle Theft,969,1240,1334,2356,1560,1479
2,Property,Larceny,1148,1269,1930,1668,1479,1582
2,Property,Arson,21,16,18,11,5,6
2,Total/Subcategory,Total/Subcategory,4767,5347,7086,9927,6264,5641
4,Violent,Murder,19,18,21,13,6,3
4,Total/Subcategory,Total/Subcategory,1,1,0,1,0,0
4,Violent,Aggravated Assault,542,586,493,573,515,479
4,Total/Subcategory,Total/Subcategory,56,88,58,76,50,38
4,Total/Subcategory,Total/Subcategory,76,107,79,90,56,41
4,Total/Subcategory,Total/Subcategory,68,80,61,46,36,31
4,Total/Subcategory,Total/Subcategory,29,38,29,21,11,6
4,Total/Subcategory,Total/Subcategory,389,380,345,430,418,404
4,Violent,Sexual Assault,34,21,19,21,29,35
4,Violent,Robbery,515,639,632,974,686,567
4,Total/Subcategory,Total/Subcategory,152,301,276,516,321,266
4,Total/Subcategory,Total/Subcategory,46,28,25,39,28,25
4,Total/Subcategory,Total/Subcategory,205,155,178,237,190,147
4,Total/Subcategory,Total/Subcategory,23,11,13,14,21,19
4,Total/Subcategory,Total/Subcategory,25,18,17,25,32,30
4,Total/Subcategory,Total/Subcategory,64,126,123,143,94,80
4,Property,Burglary,1199,891,709,1332,1155,932
4,Total/Subcategory,Total/Subcategory,783,539,312,667,540,301
4,Total/Subcategory,Total/Subcategory,181,178,167,281,239,250
4,Total/Subcategory,Total/Subcategory,192,138,203,321,289,258
4,Total/Subcategory,Total/Subcategory,39,35,24,62,54,67
4,Property,Motor Vehicle Theft,1557,1614,1681,2498,1796,1892
4,Property,Larceny,1046,1134,1287,1243,1268,1197
4,Property,Arson,25,26,22,14,21,13
4,Total/Subcategory,Total/Subcategory,4938,4930,4864,6669,5476,5118
